category,analysis_group,mode,model,file,rows,strict_yes_no_n,strict_yes_no_pct,yes_no_with_explanation_n,yes_no_with_explanation_pct,refusal_or_unanswerable_n,refusal_or_unanswerable_pct,blank_image_description_n,blank_image_description_pct,verbose_or_other_n,verbose_or_other_pct,empty_n,empty_pct,extracted_yes_pct,extracted_no_pct,extracted_unclear_pct
junctions,ji_v1,Mode A,moondream,junctions_moondream_ji_v1_fixed.csv,2602,0,0.0,2120,81.48,11,0.42,0,0.0,471,18.1,0,0.0,60.88,29.75,9.38
junctions,ji_v1_noimage,Mode C,moondream,junctions_moondream_noimage_ji_v1.csv,2602,140,5.38,1427,54.84,0,0.0,840,32.28,195,7.49,0,0.0,41.08,56.8,2.11
junctions,ji_linguistic,Mode A,moondream,junctions_moondream_ji_ling.csv,6966,0,0.0,5218,74.91,19,0.27,0,0.0,1729,24.82,0,0.0,65.45,20.33,14.23
junctions,ji_linguistic_noimage,Mode C,moondream,junctions_moondream_noimage_ji_ling.csv,6966,0,0.0,3933,56.46,140,2.01,1987,28.52,906,13.01,0,0.0,44.46,44.83,10.71
junctions,ji_v1,Mode A,paligemma,junctions_paligemma_ji_v1_fixed.csv,2602,2508,96.39,0,0.0,48,1.84,0,0.0,46,1.77,0,0.0,47.31,49.08,3.61
junctions,ji_v1_noimage,Mode C,paligemma,junctions_paligemma_noimage_ji_v1.csv,2602,1300,49.96,0,0.0,1302,50.04,0,0.0,0,0.0,0,0.0,4.46,45.5,50.04
junctions,ji_linguistic,Mode A,paligemma,junctions_paligemma_ji_ling.csv,6966,6391,91.75,0,0.0,231,3.32,0,0.0,344,4.94,0,0.0,47.32,44.43,8.25
junctions,ji_linguistic_noimage,Mode C,paligemma,junctions_paligemma_noimage_ji_ling.csv,6966,2438,35.0,0,0.0,4528,65.0,0,0.0,0,0.0,0,0.0,2.01,32.99,65.0
junctions,ji_v1,Mode A,smolvlm,junctions_smolvlm_ji_v1_fixed.csv,2602,2598,99.85,0,0.0,0,0.0,0,0.0,4,0.15,0,0.0,45.66,54.19,0.15
junctions,ji_v1_noimage,Mode C,smolvlm,junctions_smolvlm_noimage_ji_v1.csv,2602,2602,100.0,0,0.0,0,0.0,0,0.0,0,0.0,0,0.0,17.45,82.55,0.0
junctions,ji_linguistic,Mode A,smolvlm,junctions_smolvlm_ji_ling.csv,6966,6921,99.35,0,0.0,0,0.0,0,0.0,45,0.65,0,0.0,44.8,54.55,0.65
junctions,ji_linguistic_noimage,Mode C,smolvlm,junctions_smolvlm_noimage_ji_ling.csv,6966,6966,100.0,0,0.0,0,0.0,0,0.0,0,0.0,0,0.0,25.22,74.78,0.0
junctions,ji_v1,Mode A,llava_ov,junctions_llava_ov_ji_v1_fixed.csv,2602,2602,100.0,0,0.0,0,0.0,0,0.0,0,0.0,0,0.0,49.0,51.0,0.0
junctions,ji_v1_noimage,Mode C,llava_ov,junctions_llava_ov_noimage_ji_v1.csv,2602,2602,100.0,0,0.0,0,0.0,0,0.0,0,0.0,0,0.0,44.58,55.42,0.0
junctions,ji_linguistic,Mode A,llava_ov,junctions_llava_ov_ji_ling.csv,6966,6966,100.0,0,0.0,0,0.0,0,0.0,0,0.0,0,0.0,51.95,48.05,0.0
junctions,ji_linguistic_noimage,Mode C,llava_ov,junctions_llava_ov_noimage_ji_ling.csv,6966,6966,100.0,0,0.0,0,0.0,0,0.0,0,0.0,0,0.0,47.98,52.02,0.0
junctions,ji_v1,Mode A,internvl3,junctions_internvl3_ji_v1_fixed.csv,2602,2602,100.0,0,0.0,0,0.0,0,0.0,0,0.0,0,0.0,45.27,54.73,0.0
junctions,ji_v1_noimage,Mode C,internvl3,junctions_internvl3_noimage_ji_v1.csv,2602,2602,100.0,0,0.0,0,0.0,0,0.0,0,0.0,0,0.0,36.63,63.37,0.0
junctions,ji_linguistic,Mode A,internvl3,junctions_internvl3_ji_ling.csv,6966,6966,100.0,0,0.0,0,0.0,0,0.0,0,0.0,0,0.0,50.73,49.27,0.0
junctions,ji_linguistic_noimage,Mode C,internvl3,junctions_internvl3_noimage_ji_ling.csv,6966,6966,100.0,0,0.0,0,0.0,0,0.0,0,0.0,0,0.0,57.82,42.18,0.0
nuscenes_spatial,ns_spatial,Mode A,moondream,nuscenes_moondream_ns.csv,4962,68,1.37,4018,80.98,3,0.06,0,0.0,873,17.59,0,0.0,72.45,10.26,17.29
nuscenes_spatial,ns_spatial,Mode A,moondream,nuscenes_moondream_ns_fixed.csv,4962,68,1.37,4018,80.98,3,0.06,0,0.0,873,17.59,0,0.0,72.45,10.84,16.71
nuscenes_spatial,ns_spatial,Mode A,paligemma,nuscenes_paligemma_ns.csv,4962,4903,98.81,0,0.0,0,0.0,0,0.0,59,1.19,0,0.0,31.24,67.57,1.19
nuscenes_spatial,ns_spatial,Mode A,paligemma,nuscenes_paligemma_ns_fixed.csv,4962,4903,98.81,0,0.0,0,0.0,0,0.0,59,1.19,0,0.0,31.24,67.57,1.19
nuscenes_spatial,ns_spatial,Mode A,smolvlm,nuscenes_smolvlm_ns.csv,4962,4283,86.32,0,0.0,0,0.0,0,0.0,679,13.68,0,0.0,20.01,66.3,13.68
nuscenes_spatial,ns_spatial,Mode A,smolvlm,nuscenes_smolvlm_ns_fixed.csv,4962,4283,86.32,0,0.0,0,0.0,0,0.0,679,13.68,0,0.0,20.01,66.3,13.68
nuscenes_spatial,ns_spatial,Mode A,llava_ov,nuscenes_llava_ov_ns.csv,4962,4962,100.0,0,0.0,0,0.0,0,0.0,0,0.0,0,0.0,34.4,65.6,0.0
nuscenes_spatial,ns_spatial,Mode A,internvl3,nuscenes_internvl3_ns.csv,4962,4962,100.0,0,0.0,0,0.0,0,0.0,0,0.0,0,0.0,36.88,63.12,0.0
