category,analysis_group,mode,model,file,response_style,q_id,question,ground_truth,extracted_ans,correct,full_response
junctions,ji_v1,Mode A,moondream,junctions_moondream_ji_v1_fixed.csv,yes_no_with_explanation,JN_BASE_01,Is a traffic light visible in this scene?,yes,yes,True,"Yes, there is a traffic light visible in the scene, which is located on the right side of the image."
junctions,ji_v1,Mode A,moondream,junctions_moondream_ji_v1_fixed.csv,yes_no_with_explanation,JN_BASE_02,Is this scene located at an intersection or junction?,yes,yes,True,"Yes, this scene is located at an intersection or junction, as there are cars waiting at the crosswalk."
junctions,ji_v1,Mode A,moondream,junctions_moondream_ji_v1_fixed.csv,yes_no_with_explanation,JN_P_01,Are there two or more traffic lights visible in this scene?,no,no,True,"No, there are no traffic lights visible in this scene. The image shows a car driving down a street at night, with no traffic lights present."
junctions,ji_v1,Mode A,moondream,junctions_moondream_ji_v1_fixed.csv,yes_no_with_explanation,JN_P_02,Is at least one pedestrian visible in or near the intersection?,no,no,True,"No, there is no pedestrian visible in or near the intersection in the image."
junctions,ji_v1,Mode A,moondream,junctions_moondream_ji_v1_fixed.csv,yes_no_with_explanation,JN_P_03,Is there a vehicle larger than a standard car — such as a bus or truck — visible at this junction?,no,no,True,"No, there is no vehicle larger than a standard car, such as a bus or truck, visible at this junction. The image shows a car driving down a street at night, and the focus is on the car and the street lights."
junctions,ji_v1,Mode A,moondream,junctions_moondream_ji_v1_fixed.csv,verbose_or_other,JN_A_06,Should the driver sound the horn to warn other road users at this junction?,no,yes,False,"In the image, the driver is at a crosswalk at night, and there are cars and a truck nearby. It is not advisable for the driver to sound the horn to warn other road users at this junction. Instead, the driver should rely on the traffic lights and other traffic signs to ensure safe navigation. If necessary, the driver should also use their turn signals to communicate their intentions to other road users. This will help maintain a smooth flow of traffic and reduce the risk of accidents at the junct"
junctions,ji_v1,Mode A,moondream,junctions_moondream_ji_v1_fixed.csv,verbose_or_other,JN_S_03,Is this junction on a highway or high-speed road rather than an urban street?,no,no,TRUE,"This junction is on a highway, not a high-speed road. The presence of multiple cars and a truck on the street, along with the yellow crosswalk, indicates that it is a busy urban street rather than a highway."
junctions,ji_v1,Mode A,moondream,junctions_moondream_ji_v1_fixed.csv,verbose_or_other,JN_ADV_02,"Is the traffic light currently displaying red or yellow, requiring the ego vehicle to stop or yield?",yes,unclear,False,"The traffic light is currently displaying a red light, requiring the ego vehicle to stop or yield."
junctions,ji_v1,Mode A,moondream,junctions_moondream_ji_v1_fixed.csv,verbose_or_other,JN_ADV_04,Are the lane markings at this junction clear enough to identify which lane leads to the intended direction?,yes,no,False,"The lane markings at this junction are not clear enough to identify which lane leads to the intended direction. The image shows a blurry view of the street with cars and a crosswalk, making it difficult to determine the correct lane. The driver's perspective from inside the car suggests that the view is not clear enough to confidently identify the correct lane."
junctions,ji_v1,Mode A,moondream,junctions_moondream_ji_v1_fixed.csv,verbose_or_other,JN_A_05,Would it be safe to make a right turn at this intersection right now?,yes,unclear,False,"Based on the image, it appears that the traffic light is green, allowing vehicles to make a right turn at the intersection. However, it is essential to consider other factors such as the flow of traffic, the presence of pedestrians, and the right-of-way rules at the intersection. While the green light allows for a right turn, drivers should still be cautious and check for any oncoming traffic or pedestrians before proceeding. Additionally, they should ensure that the turn is legal and safe for t"
junctions,ji_v1,Mode A,moondream,junctions_moondream_ji_v1_fixed.csv,refusal_or_unanswerable,JN_A_05,Would it be safe to make a right turn at this intersection right now?,yes,no,False,"Based on the image, it is not possible to determine if it is safe to make a right turn at this intersection. The view from the car is limited, and the traffic lights are visible, but the exact state of the traffic flow and the intentions of other drivers cannot be confirmed. It is essential for drivers to pay attention to the traffic signals and the flow of traffic before making any turns, especially at intersections, to ensure their safety and the safety of others on the road."
junctions,ji_v1,Mode A,moondream,junctions_moondream_ji_v1_fixed.csv,refusal_or_unanswerable,JN_ADV_04,Are the lane markings at this junction clear enough to identify which lane leads to the intended direction?,yes,no,False,"Based on the image, it is not possible to determine if the lane markings at the junction are clear enough to identify which lane leads to the intended direction. The image shows a car driving down the street, and there are other cars and trucks in the scene, but the specific details of the lane markings are not visible. To accurately determine the direction of the intended lane, one would need to have a clear view of the lane markings and their positioning relative to the car's current position."
junctions,ji_v1,Mode A,moondream,junctions_moondream_ji_v1_fixed.csv,refusal_or_unanswerable,JN_A_05,Would it be safe to make a right turn at this intersection right now?,yes,no,False,"Based on the image, it is not possible to determine if it is safe to make a right turn at this intersection. There are multiple cars and a truck present, and the traffic light is currently red. The presence of pedestrians and the traffic light suggest that the intersection is busy, and making a right turn could potentially cause accidents or disrupt the flow of traffic. It is important for drivers to follow traffic rules and be cautious in such situations to ensure the safety of everyone on the "
junctions,ji_v1,Mode A,moondream,junctions_moondream_ji_v1_fixed.csv,refusal_or_unanswerable,JN_ADV_04,Are the lane markings at this junction clear enough to identify which lane leads to the intended direction?,yes,no,False,"Based on the image, it is not possible to confidently determine if the lane markings are clear enough to identify which lane leads to the intended direction. The image shows a busy street with multiple cars, a traffic light, and a large building in the background. The presence of other vehicles and the traffic light suggest that the road is well-traveled, but it is not possible to determine the specific lane markings from the image alone."
junctions,ji_v1,Mode A,moondream,junctions_moondream_ji_v1_fixed.csv,refusal_or_unanswerable,JN_ADV_04,Are the lane markings at this junction clear enough to identify which lane leads to the intended direction?,yes,no,False,"Based on the image, it is not possible to determine if the lane markings at the junction are clear enough to identify which lane leads to the intended direction. The vehicles are stopped in traffic, and the view is from the perspective of a driver in the front of the line. The visibility of the lane markings is limited, making it difficult to determine the correct direction."
junctions,ji_v1_noimage,Mode C,moondream,junctions_moondream_noimage_ji_v1.csv,yes_no_with_explanation,JN_BASE_01,Is a traffic light visible in this scene?,yes,no,False,"No, there is no traffic light visible in this scene. The image is black and white, and the focus is on the absence of color."
junctions,ji_v1_noimage,Mode C,moondream,junctions_moondream_noimage_ji_v1.csv,blank_image_description,JN_BASE_02,Is this scene located at an intersection or junction?,yes,no,False,"No, the scene is not located at an intersection or junction. It is a black and white image of a person standing in front of a black background."
junctions,ji_v1_noimage,Mode C,moondream,junctions_moondream_noimage_ji_v1.csv,yes_no_with_explanation,JN_P_01,Are there two or more traffic lights visible in this scene?,no,no,True,"No, there are no traffic lights visible in this scene. The image is a black and white photograph of a street with no traffic."
junctions,ji_v1_noimage,Mode C,moondream,junctions_moondream_noimage_ji_v1.csv,yes_no_with_explanation,JN_P_02,Is at least one pedestrian visible in or near the intersection?,no,no,True,"No, there is no pedestrian visible in or near the intersection. The image is completely black and devoid of any objects or people."
junctions,ji_v1_noimage,Mode C,moondream,junctions_moondream_noimage_ji_v1.csv,blank_image_description,JN_P_03,Is there a vehicle larger than a standard car — such as a bus or truck — visible at this junction?,no,no,True,"No, there is no vehicle larger than a standard car, such as a bus or truck, visible at this junction. The image shows a black background with no visible vehicles."
junctions,ji_v1_noimage,Mode C,moondream,junctions_moondream_noimage_ji_v1.csv,blank_image_description,JN_P_05,Are road signs visible at this junction?,yes,no,False,"No, there are no road signs visible at this junction. The image shows a black background with no visible text or objects."
junctions,ji_v1_noimage,Mode C,moondream,junctions_moondream_noimage_ji_v1.csv,blank_image_description,JN_P_07,Is this junction scene captured during daytime?,no,yes,False,"Yes, the image shows a daytime scene with a black background."
junctions,ji_v1_noimage,Mode C,moondream,junctions_moondream_noimage_ji_v1.csv,yes_no_with_explanation,JN_P_08,Is any pedestrian visible who appears to be actively crossing the road?,no,no,True,"No, there is no pedestrian visible who appears to be actively crossing the road in the image. The scene is black and white, and the focus is on the absence of any pedestrians."
junctions,ji_v1_noimage,Mode C,moondream,junctions_moondream_noimage_ji_v1.csv,yes_no_with_explanation,JN_A_01,Should the ego vehicle stop before entering this intersection?,yes,yes,True,"Yes, the ego vehicle should stop before entering the intersection. The image shows a black car approaching a black intersection, and it is essential for the driver to obey traffic rules and prioritize safety. Stopping at the intersection ensures that the driver has enough time to assess the situation, check for oncoming traffic, pedestrians, and other potential hazards before proceeding. This will help prevent accidents and maintain a safe environment for all road users."
junctions,ji_v1_noimage,Mode C,moondream,junctions_moondream_noimage_ji_v1.csv,blank_image_description,JN_A_02,Should the driver yield to pedestrians before proceeding through this junction?,no,yes,False,"Yes, the driver should yield to pedestrians before proceeding through this junction. The image shows a black background with a white line, which is likely a pedestrian crossing sign. The driver should stop and wait for any pedestrians who may be crossing the street before continuing through the junction. This ensures the safety of both the pedestrians and the driver, as well as following traffic rules and regulations."
junctions,ji_v1_noimage,Mode C,moondream,junctions_moondream_noimage_ji_v1.csv,verbose_or_other,JN_S_03,Is this junction on a highway or high-speed road rather than an urban street?,no,yes,False,"The image shows a black and white photograph of a highway junction, which is a location where roads intersect. The presence of a highway junction suggests that the photograph is taken in an urban area, as highway junctions are typically found in more populated regions. The image does not provide information about the specific type of road or the surrounding environment."
junctions,ji_v1_noimage,Mode C,moondream,junctions_moondream_noimage_ji_v1.csv,verbose_or_other,JN_ADV_02,"Is the traffic light currently displaying red or yellow, requiring the ego vehicle to stop or yield?",yes,unclear,False,"The traffic light is currently displaying red, requiring the ego vehicle to stop."
junctions,ji_v1_noimage,Mode C,moondream,junctions_moondream_noimage_ji_v1.csv,verbose_or_other,JN_S_03,Is this junction on a highway or high-speed road rather than an urban street?,no,yes,False,"The image shows a black and white photograph of a highway junction, which is a location where roads intersect. The presence of a highway junction suggests that the photograph is taken in an urban area, as highway junctions are typically found in more populated regions. The image does not provide information about the specific type of road or the surrounding environment."
junctions,ji_v1_noimage,Mode C,moondream,junctions_moondream_noimage_ji_v1.csv,verbose_or_other,JN_ADV_02,"Is the traffic light currently displaying red or yellow, requiring the ego vehicle to stop or yield?",no,unclear,False,"The traffic light is currently displaying red, requiring the ego vehicle to stop."
junctions,ji_v1_noimage,Mode C,moondream,junctions_moondream_noimage_ji_v1.csv,verbose_or_other,JN_S_03,Is this junction on a highway or high-speed road rather than an urban street?,no,yes,False,"The image shows a black and white photograph of a highway junction, which is a location where roads intersect. The presence of a highway junction suggests that the photograph is taken in an urban area, as highway junctions are typically found in more populated regions. The image does not provide information about the specific type of road or the surrounding environment."
junctions,ji_linguistic,Mode A,moondream,junctions_moondream_ji_ling.csv,yes_no_with_explanation,JN_P_01_v2,Can the driver see a traffic signal controlling this intersection?,no,no,True,"No, the driver cannot see a traffic signal controlling this intersection. The image shows a dark street with a car driving down the road, and there are no visible traffic signals or signs to guide the driver. The driver's view is limited to the street and the car, which is driving down the road at night."
junctions,ji_linguistic,Mode A,moondream,junctions_moondream_ji_ling.csv,yes_no_with_explanation,JN_P_01_v3,Is there at least one traffic light that is visible to the ego vehicle?,no,yes,False,"Yes, there is a traffic light visible to the ego vehicle in the image."
junctions,ji_linguistic,Mode A,moondream,junctions_moondream_ji_ling.csv,yes_no_with_explanation,JN_P_01_v4,Is there no traffic light visible to the ego vehicle at this junction?,yes,yes,True,"Yes, there is no traffic light visible to the ego vehicle at this junction."
junctions,ji_linguistic,Mode A,moondream,junctions_moondream_ji_ling.csv,yes_no_with_explanation,JN_P_02_v2,Can the driver see more than one traffic signal at this junction?,no,yes,False,"Yes, the driver can see two traffic signals at the intersection. The traffic lights are visible in the image, and they are situated close to each other, allowing the driver to see both signals simultaneously. This is important for ensuring proper traffic flow and maintaining safety at the intersection."
junctions,ji_linguistic,Mode A,moondream,junctions_moondream_ji_ling.csv,yes_no_with_explanation,JN_P_02_v3,Are multiple traffic lights visible from the ego vehicle's perspective?,no,no,True,"No, the image does not show multiple traffic lights visible from the vantage point of the ego vehicle. The focus of the image is on the street and the car, with no indication of traffic lights in the surrounding area."
junctions,ji_linguistic,Mode A,moondream,junctions_moondream_ji_ling.csv,verbose_or_other,JN_P_02_v4,Is only a single traffic light — or none — visible at this junction?,yes,unclear,False,"There is only one traffic light visible at this junction, which is located on the right side of the street."
junctions,ji_linguistic,Mode A,moondream,junctions_moondream_ji_ling.csv,verbose_or_other,JN_P_03_v2,Can the driver spot any pedestrians at or near the intersection?,no,no,True,"Based on the image, it is not possible for the driver to spot any pedestrians at or near the intersection. The image is blurry, and the focus is on the car driving down the street. The driver's attention is primarily on the road and the traffic, rather than on pedestrians or other vehicles."
junctions,ji_linguistic,Mode A,moondream,junctions_moondream_ji_ling.csv,verbose_or_other,JN_P_07_v3,Can the driver make out the painted lines on the road at this intersection?,no,unclear,False,"The driver's view from inside the car is blurry, making it difficult to clearly see the painted lines on the road at the intersection. The driver might have trouble identifying the crosswalk markings and determining the appropriate path to take. This could potentially lead to confusion or unsafe driving behavior, especially if the driver is not familiar with the area or the traffic rules."
junctions,ji_linguistic,Mode A,moondream,junctions_moondream_ji_ling.csv,verbose_or_other,JN_P_07_v4,Are the road markings at this junction too faded or absent to be visible?,yes,unclear,False,"The road markings at this junction are too faded to be clearly visible. The image shows a blurry view of the crosswalk and the road, which makes it difficult to discern the road markings. This could pose a safety risk for pedestrians and drivers, as they might not be able to identify the crosswalk or lane markings properly. It is essential for road markings to be well-maintained and visible to ensure the safety of all road users."
junctions,ji_linguistic,Mode A,moondream,junctions_moondream_ji_ling.csv,verbose_or_other,JN_P_08_v3,Does the driver have adequate sightlines to navigate this junction safely?,no,no,True,"The driver's sightlines are not adequate to navigate the junction safely, as the image shows the car driving down a dark street at night. The darkness and limited visibility make it difficult for the driver to see other vehicles, pedestrians, or potential obstacles clearly. It is crucial for drivers to ensure that their headlights are functioning correctly and use appropriate lighting to improve their visibility and maintain safety while driving in low-light conditions."
junctions,ji_linguistic,Mode A,moondream,junctions_moondream_ji_ling.csv,refusal_or_unanswerable,JN_P_03_v2,Can the driver spot any pedestrians at or near the intersection?,no,no,True,"Based on the image, the driver cannot clearly spot any pedestrians near the intersection. The street appears to be empty, and the driver's view is limited to the immediate surroundings of the car. The driver's attention is focused on the road and traffic, so it is not possible to determine if there are any pedestrians nearby."
junctions,ji_linguistic,Mode A,moondream,junctions_moondream_ji_ling.csv,refusal_or_unanswerable,JN_A_01_v4,Can the driver maintain their current speed without needing to slow down at this junction?,yes,unclear,False,"Based on the image, the driver is already slowing down at the intersection, which suggests that they are following traffic rules and ensuring safety. However, it is not possible to determine if the driver is maintaining their current speed without more context or information about the specific traffic conditions at the junction. The driver should continue to be cautious and attentive to the traffic around them, especially when approaching intersections or changing lanes, to ensure a safe driving"
junctions,ji_linguistic,Mode A,moondream,junctions_moondream_ji_ling.csv,refusal_or_unanswerable,JN_P_03_v2,Can the driver spot any pedestrians at or near the intersection?,no,no,True,"Based on the image, it is not possible to determine if the driver can spot any pedestrians at or near the intersection. The image is blurry, and the focus is on the street and the cars, which makes it difficult to see pedestrians clearly. The driver should be cautious and attentive while driving in such conditions to ensure the safety of all road users."
junctions,ji_linguistic,Mode A,moondream,junctions_moondream_ji_ling.csv,refusal_or_unanswerable,JN_P_03_v2,Can the driver spot any pedestrians at or near the intersection?,no,no,True,"Based on the image, it is not possible to determine if the driver can spot any pedestrians at or near the intersection. The focus of the image is on the traffic and the street lights, which are more prominent than any pedestrians. The driver's attention is likely directed towards the traffic lights and the vehicles on the road, rather than any pedestrians."
junctions,ji_linguistic,Mode A,moondream,junctions_moondream_ji_ling.csv,refusal_or_unanswerable,JN_P_05_v3,Can the driver read any traffic signs posted at this junction?,no,no,True,"Based on the image, it is not possible to determine if there are any traffic signs posted at the junction. However, the presence of multiple cars and trucks on the road suggests that there might be traffic rules and regulations in place, which could include traffic signs. To determine if there are any traffic signs, the driver would need to look for specific signs or markings on the road or in the surrounding area."
junctions,ji_linguistic_noimage,Mode C,moondream,junctions_moondream_noimage_ji_ling.csv,blank_image_description,JN_P_01_v2,Can the driver see a traffic signal controlling this intersection?,no,no,True,"No, the driver cannot see a traffic signal controlling this intersection. The image shows a black background with no visible traffic signals or other traffic-related objects. The driver's attention is focused on the road ahead, and they should be prepared for any traffic rules or signals that might be present in the area."
junctions,ji_linguistic_noimage,Mode C,moondream,junctions_moondream_noimage_ji_ling.csv,yes_no_with_explanation,JN_P_01_v3,Is there at least one traffic light that is visible to the ego vehicle?,no,no,True,"No, there is no traffic light visible to the ego vehicle in the image."
junctions,ji_linguistic_noimage,Mode C,moondream,junctions_moondream_noimage_ji_ling.csv,yes_no_with_explanation,JN_P_01_v4,Is there no traffic light visible to the ego vehicle at this junction?,yes,yes,True,"Yes, there is no traffic light visible to the ego vehicle at this junction."
junctions,ji_linguistic_noimage,Mode C,moondream,junctions_moondream_noimage_ji_ling.csv,blank_image_description,JN_P_02_v2,Can the driver see more than one traffic signal at this junction?,no,no,True,"No, the driver cannot see more than one traffic signal at this junction. The image shows a black background with no visible traffic signals."
junctions,ji_linguistic_noimage,Mode C,moondream,junctions_moondream_noimage_ji_ling.csv,blank_image_description,JN_P_02_v3,Are multiple traffic lights visible from the ego vehicle's perspective?,no,no,True,"No, there are no traffic lights visible from the ego vehicle's perspective. The image shows the black background, which is devoid of any traffic lights or other objects."
junctions,ji_linguistic_noimage,Mode C,moondream,junctions_moondream_noimage_ji_ling.csv,yes_no_with_explanation,JN_P_02_v4,Is only a single traffic light — or none — visible at this junction?,yes,no,False,"No, there are multiple traffic lights visible at this junction."
junctions,ji_linguistic_noimage,Mode C,moondream,junctions_moondream_noimage_ji_ling.csv,yes_no_with_explanation,JN_P_03_v2,Can the driver spot any pedestrians at or near the intersection?,no,no,True,"No, the driver cannot spot any pedestrians at or near the intersection. The image is black and white, which means it is a monochromatic representation, and there are no colors to distinguish pedestrians from the background. The driver's focus should be on the traffic lights and other road signs to ensure safe navigation through the intersection."
junctions,ji_linguistic_noimage,Mode C,moondream,junctions_moondream_noimage_ji_ling.csv,yes_no_with_explanation,JN_P_03_v3,Is at least one person on foot visible within or approaching this junction?,no,no,True,"No, there is no person on foot visible within or approaching this junction. The image is completely black and devoid of any visible objects or individuals."
junctions,ji_linguistic_noimage,Mode C,moondream,junctions_moondream_noimage_ji_ling.csv,blank_image_description,JN_P_07_v2,Are the road markings at this junction still distinguishable?,no,no,True,"No, the road markings at this junction are not distinguishable due to the black background. The absence of color makes it difficult to identify the specific markings or signs that typically help guide drivers and pedestrians. This could potentially lead to confusion or safety issues at the junction."
junctions,ji_linguistic_noimage,Mode C,moondream,junctions_moondream_noimage_ji_ling.csv,blank_image_description,JN_P_07_v4,Are the road markings at this junction too faded or absent to be visible?,yes,no,False,"The road markings at this junction are too faded to be visible. The image shows a black background with no discernible road markings, making it difficult to determine the exact state of the road markings."
junctions,ji_linguistic_noimage,Mode C,moondream,junctions_moondream_noimage_ji_ling.csv,verbose_or_other,JN_P_08_v3,Does the driver have adequate sightlines to navigate this junction safely?,no,unclear,False,"The driver in the image has adequate sightlines to navigate the junction safely. The driver is looking straight ahead, which allows them to see the road ahead and any potential hazards or obstacles. This is an essential aspect of safe driving, as it helps drivers maintain awareness of their surroundings and make informed decisions while navigating intersections and other challenging driving situations."
junctions,ji_linguistic_noimage,Mode C,moondream,junctions_moondream_noimage_ji_ling.csv,refusal_or_unanswerable,JN_S_01_v2,Is this junction located within an urban or city environment?,yes,yes,True,"The image shows a black and white photograph of a city street, which suggests that it is set in an urban or city environment. However, without more specific details about the cityscape, it is not possible to determine the exact location or type of city within the image."
junctions,ji_linguistic_noimage,Mode C,moondream,junctions_moondream_noimage_ji_ling.csv,verbose_or_other,JN_S_01_v4,Is this junction located outside a city — in a rural or highway setting?,no,unclear,False,The junction is located in a rural setting.
junctions,ji_linguistic_noimage,Mode C,moondream,junctions_moondream_noimage_ji_ling.csv,verbose_or_other,JN_S_03_v4,Is this junction scene captured during daylight hours rather than at night?,yes,yes,True,"The image shows a black and white photograph of a dark scene, which suggests that it is taken during nighttime hours. The absence of color in the image indicates that it was captured in black and white, which is a characteristic of nighttime photography."
junctions,ji_linguistic_noimage,Mode C,moondream,junctions_moondream_noimage_ji_ling.csv,verbose_or_other,JN_S_04_v4,Is this junction scene captured at night or in low-light conditions rather than during the day?,no,yes,False,"The image shows a black and white scene of a junction, which suggests that it is captured at night or in low-light conditions. The absence of color in the image indicates that it was taken during the evening or nighttime when there is less natural light, making the scene appear more dramatic and emphasizing the contrast between the black and white elements."
junctions,ji_linguistic_noimage,Mode C,moondream,junctions_moondream_noimage_ji_ling.csv,verbose_or_other,JN_S_05_v2,Is this scene taking place during the transitional light of dawn or dusk?,no,unclear,False,"The scene is taking place during the transitional light of dawn, as evidenced by the dark background and the presence of a black and white image."
junctions,ji_linguistic_noimage,Mode C,moondream,junctions_moondream_noimage_ji_ling.csv,refusal_or_unanswerable,JN_S_01_v2,Is this junction located within an urban or city environment?,yes,yes,True,"The image shows a black and white photograph of a city street, which suggests that it is set in an urban or city environment. However, without more specific details about the cityscape, it is not possible to determine the exact location or type of city within the image."
junctions,ji_linguistic_noimage,Mode C,moondream,junctions_moondream_noimage_ji_ling.csv,refusal_or_unanswerable,JN_S_01_v2,Is this junction located within an urban or city environment?,yes,yes,True,"The image shows a black and white photograph of a city street, which suggests that it is set in an urban or city environment. However, without more specific details about the cityscape, it is not possible to determine the exact location or type of city within the image."
junctions,ji_linguistic_noimage,Mode C,moondream,junctions_moondream_noimage_ji_ling.csv,refusal_or_unanswerable,JN_S_01_v2,Is this junction located within an urban or city environment?,yes,yes,True,"The image shows a black and white photograph of a city street, which suggests that it is set in an urban or city environment. However, without more specific details about the cityscape, it is not possible to determine the exact location or type of city within the image."
junctions,ji_linguistic_noimage,Mode C,moondream,junctions_moondream_noimage_ji_ling.csv,refusal_or_unanswerable,JN_S_01_v2,Is this junction located within an urban or city environment?,yes,yes,True,"The image shows a black and white photograph of a city street, which suggests that it is set in an urban or city environment. However, without more specific details about the cityscape, it is not possible to determine the exact location or type of city within the image."
junctions,ji_v1,Mode A,paligemma,junctions_paligemma_ji_v1_fixed.csv,refusal_or_unanswerable,JN_S_01,Is this a signalised intersection with active traffic lights?,yes,unclear,False,unanswerable
junctions,ji_v1,Mode A,paligemma,junctions_paligemma_ji_v1_fixed.csv,verbose_or_other,JN_BASE_02,Is this scene located at an intersection or junction?,yes,unclear,False,intersection
junctions,ji_v1,Mode A,paligemma,junctions_paligemma_ji_v1_fixed.csv,refusal_or_unanswerable,JN_A_02,Should the driver yield to pedestrians before proceeding through this junction?,no,unclear,False,"Sorry, as a base VLM I am not trained to answer this question."
junctions,ji_v1,Mode A,paligemma,junctions_paligemma_ji_v1_fixed.csv,refusal_or_unanswerable,JN_A_06,Should the driver sound the horn to warn other road users at this junction?,no,unclear,False,"Sorry, as a base VLM I am not trained to answer this question."
junctions,ji_v1,Mode A,paligemma,junctions_paligemma_ji_v1_fixed.csv,refusal_or_unanswerable,JN_S_01,Is this a signalised intersection with active traffic lights?,yes,unclear,False,unanswerable
junctions,ji_v1,Mode A,paligemma,junctions_paligemma_ji_v1_fixed.csv,verbose_or_other,JN_BASE_02,Is this scene located at an intersection or junction?,yes,unclear,False,intersection
junctions,ji_v1,Mode A,paligemma,junctions_paligemma_ji_v1_fixed.csv,verbose_or_other,JN_BASE_02,Is this scene located at an intersection or junction?,yes,unclear,False,intersection
junctions,ji_v1,Mode A,paligemma,junctions_paligemma_ji_v1_fixed.csv,verbose_or_other,JN_ADV_02,"Is the traffic light currently displaying red or yellow, requiring the ego vehicle to stop or yield?",no,unclear,False,red
junctions,ji_v1,Mode A,paligemma,junctions_paligemma_ji_v1_fixed.csv,verbose_or_other,JN_BASE_02,Is this scene located at an intersection or junction?,yes,unclear,False,intersection
junctions,ji_v1,Mode A,paligemma,junctions_paligemma_ji_v1_fixed.csv,refusal_or_unanswerable,JN_H_01,Is there a risk of a pedestrian stepping into the path of the ego vehicle?,no,unclear,False,"Sorry, as a base VLM I am not trained to answer this question."
junctions,ji_v1_noimage,Mode C,paligemma,junctions_paligemma_noimage_ji_v1.csv,refusal_or_unanswerable,JN_BASE_02,Is this scene located at an intersection or junction?,yes,unclear,False,unanswerable
junctions,ji_v1_noimage,Mode C,paligemma,junctions_paligemma_noimage_ji_v1.csv,refusal_or_unanswerable,JN_A_01,Should the ego vehicle stop before entering this intersection?,yes,unclear,False,unanswerable
junctions,ji_v1_noimage,Mode C,paligemma,junctions_paligemma_noimage_ji_v1.csv,refusal_or_unanswerable,JN_A_02,Should the driver yield to pedestrians before proceeding through this junction?,no,unclear,False,unanswerable
junctions,ji_v1_noimage,Mode C,paligemma,junctions_paligemma_noimage_ji_v1.csv,refusal_or_unanswerable,JN_A_04,Should the driver be prepared to brake suddenly at this junction?,yes,unclear,False,unanswerable
junctions,ji_v1_noimage,Mode C,paligemma,junctions_paligemma_noimage_ji_v1.csv,refusal_or_unanswerable,JN_A_06,Should the driver sound the horn to warn other road users at this junction?,no,unclear,False,unanswerable
junctions,ji_linguistic,Mode A,paligemma,junctions_paligemma_ji_ling.csv,refusal_or_unanswerable,JN_P_08_v4,Is the driver's visibility through this junction obstructed or insufficient?,yes,unclear,False,unanswerable
junctions,ji_linguistic,Mode A,paligemma,junctions_paligemma_ji_ling.csv,refusal_or_unanswerable,JN_H_02_v2,Does the presence of other vehicles at this junction create a collision risk?,no,unclear,False,"Sorry, as a base VLM I am not trained to answer this question."
junctions,ji_linguistic,Mode A,paligemma,junctions_paligemma_ji_ling.csv,verbose_or_other,JN_S_01_v4,Is this junction located outside a city — in a rural or highway setting?,no,unclear,False,rural
junctions,ji_linguistic,Mode A,paligemma,junctions_paligemma_ji_ling.csv,verbose_or_other,JN_S_04_v4,Is this junction scene captured at night or in low-light conditions rather than during the day?,no,unclear,False,night
junctions,ji_linguistic,Mode A,paligemma,junctions_paligemma_ji_ling.csv,verbose_or_other,JN_S_05_v2,Is this scene taking place during the transitional light of dawn or dusk?,no,unclear,False,dusk
junctions,ji_linguistic,Mode A,paligemma,junctions_paligemma_ji_ling.csv,refusal_or_unanswerable,JN_ADV_02_v2,Does the traffic signal currently indicate that vehicles must stop or wait?,yes,unclear,False,unanswerable
junctions,ji_linguistic,Mode A,paligemma,junctions_paligemma_ji_ling.csv,verbose_or_other,JN_S_05_v2,Is this scene taking place during the transitional light of dawn or dusk?,no,unclear,False,dusk
junctions,ji_linguistic,Mode A,paligemma,junctions_paligemma_ji_ling.csv,verbose_or_other,JN_S_05_v3,Does the lighting in this image suggest sunrise or sunset conditions?,no,unclear,False,sunrise
junctions,ji_linguistic,Mode A,paligemma,junctions_paligemma_ji_ling.csv,refusal_or_unanswerable,JN_A_04_v3,Is sounding the horn an appropriate action at this junction?,no,unclear,False,"Sorry, as a base VLM I am not trained to answer this question."
junctions,ji_linguistic,Mode A,paligemma,junctions_paligemma_ji_ling.csv,refusal_or_unanswerable,JN_A_04_v4,Should the driver refrain from using the horn at this junction?,yes,unclear,False,"Sorry, as a base VLM I am not trained to answer this question."
junctions,ji_linguistic_noimage,Mode C,paligemma,junctions_paligemma_noimage_ji_ling.csv,refusal_or_unanswerable,JN_P_01_v4,Is there no traffic light visible to the ego vehicle at this junction?,yes,unclear,False,unanswerable
junctions,ji_linguistic_noimage,Mode C,paligemma,junctions_paligemma_noimage_ji_ling.csv,refusal_or_unanswerable,JN_P_03_v4,Is this intersection free of any visible pedestrians?,yes,unclear,False,unanswerable
junctions,ji_linguistic_noimage,Mode C,paligemma,junctions_paligemma_noimage_ji_ling.csv,refusal_or_unanswerable,JN_P_05_v3,Can the driver read any traffic signs posted at this junction?,yes,unclear,False,unanswerable
junctions,ji_linguistic_noimage,Mode C,paligemma,junctions_paligemma_noimage_ji_ling.csv,refusal_or_unanswerable,JN_P_05_v4,Are there no readable road signs visible at this junction?,no,unclear,False,unanswerable
junctions,ji_linguistic_noimage,Mode C,paligemma,junctions_paligemma_noimage_ji_ling.csv,refusal_or_unanswerable,JN_P_07_v4,Are the road markings at this junction too faded or absent to be visible?,yes,unclear,False,unanswerable
junctions,ji_v1,Mode A,smolvlm,junctions_smolvlm_ji_v1_fixed.csv,verbose_or_other,JN_ADV_02,"Is the traffic light currently displaying red or yellow, requiring the ego vehicle to stop or yield?",no,unclear,False,Red
junctions,ji_v1,Mode A,smolvlm,junctions_smolvlm_ji_v1_fixed.csv,verbose_or_other,JN_S_03,Is this junction on a highway or high-speed road rather than an urban street?,no,unclear,False,Highway
junctions,ji_v1,Mode A,smolvlm,junctions_smolvlm_ji_v1_fixed.csv,verbose_or_other,JN_S_03,Is this junction on a highway or high-speed road rather than an urban street?,yes,unclear,False,Highway
junctions,ji_v1,Mode A,smolvlm,junctions_smolvlm_ji_v1_fixed.csv,verbose_or_other,JN_S_03,Is this junction on a highway or high-speed road rather than an urban street?,yes,unclear,False,Highway
junctions,ji_linguistic,Mode A,smolvlm,junctions_smolvlm_ji_ling.csv,verbose_or_other,JN_S_05_v4,Is this scene captured in full daylight or darkness rather than at dawn or dusk?,yes,unclear,False,Daylight
junctions,ji_linguistic,Mode A,smolvlm,junctions_smolvlm_ji_ling.csv,verbose_or_other,JN_ADV_02_v2,Does the traffic signal currently indicate that vehicles must stop or wait?,no,unclear,False,Stop
junctions,ji_linguistic,Mode A,smolvlm,junctions_smolvlm_ji_ling.csv,verbose_or_other,JN_S_05_v4,Is this scene captured in full daylight or darkness rather than at dawn or dusk?,yes,unclear,False,Daytime
junctions,ji_linguistic,Mode A,smolvlm,junctions_smolvlm_ji_ling.csv,verbose_or_other,JN_S_05_v4,Is this scene captured in full daylight or darkness rather than at dawn or dusk?,yes,unclear,False,Darkness
junctions,ji_linguistic,Mode A,smolvlm,junctions_smolvlm_ji_ling.csv,verbose_or_other,JN_S_05_v4,Is this scene captured in full daylight or darkness rather than at dawn or dusk?,yes,unclear,False,Daytime
nuscenes_spatial,ns_spatial,Mode A,moondream,nuscenes_moondream_ns.csv,yes_no_with_explanation,NS_CF_01,Is there a pedestrian visible in the front view of the ego vehicle?,no,no,True,"No, there is no pedestrian visible in the front view of the ego vehicle."
nuscenes_spatial,ns_spatial,Mode A,moondream,nuscenes_moondream_ns.csv,yes_no_with_explanation,NS_CF_02,Is there a pedestrian on the left side of the road ahead?,no,yes,False,"Yes, there is a pedestrian on the left side of the road ahead."
nuscenes_spatial,ns_spatial,Mode A,moondream,nuscenes_moondream_ns.csv,yes_no_with_explanation,NS_CF_03,Is there a pedestrian on the right side of the road ahead?,no,no,True,"No, there is no pedestrian on the right side of the road ahead. The image shows a car and a bus driving down the road, with no pedestrians visible."
nuscenes_spatial,ns_spatial,Mode A,moondream,nuscenes_moondream_ns.csv,yes_no_with_explanation,NS_CF_04,Should the driver yield to a pedestrian currently in or near the path of the ego vehicle?,no,yes,False,"Yes, the driver should yield to the pedestrian currently in or near the path of the ego vehicle. In the image, there are multiple vehicles, including a bus and a car, driving down the street. The driver should be cautious and attentive to the presence of pedestrians, ensuring their safety by yielding to them when necessary. This is particularly important in areas with limited visibility or at night, as the driver may not be able to see the pedestrian clearly. Yielding to pedestrians helps mainta"
nuscenes_spatial,ns_spatial,Mode A,moondream,nuscenes_moondream_ns.csv,yes_no_with_explanation,NS_CF_05,Is there a pedestrian crossing the road from the left side in front of the ego vehicle?,no,yes,False,"Yes, there is a pedestrian crossing the road from the left side in front of the ego vehicle."
nuscenes_spatial,ns_spatial,Mode A,moondream,nuscenes_moondream_ns.csv,verbose_or_other,NS_PRED_01,Is the White commercial vehicle (moving) ahead of the ego vehicle a traffic sign or a road barrier?,no,unclear,False,The White commercial vehicle (van) is moving ahead of the ego vehicle (car) on the road.
nuscenes_spatial,ns_spatial,Mode A,moondream,nuscenes_moondream_ns.csv,verbose_or_other,NS_PRED_03,Is the Silver gray business car (moving) ahead of the ego vehicle a traffic sign or a road barrier?,no,unclear,False,"The silver gray business car (moving) is ahead of the ego vehicle, which is a traffic sign."
nuscenes_spatial,ns_spatial,Mode A,moondream,nuscenes_moondream_ns.csv,verbose_or_other,NS_PRED_05,Is the Black small car (moving) behind of the ego vehicle a traffic sign or a road barrier?,no,unclear,False,"The Black small car is moving behind the ego vehicle, which is a van."
nuscenes_spatial,ns_spatial,Mode A,moondream,nuscenes_moondream_ns.csv,verbose_or_other,NS_PRED_01,Is the Black SUV (stationary) ahead of the ego vehicle a traffic sign or a road barrier?,no,unclear,False,"The Black SUV is ahead of the ego vehicle, which is a traffic sign."
nuscenes_spatial,ns_spatial,Mode A,moondream,nuscenes_moondream_ns.csv,verbose_or_other,NS_PRED_03,Is the White pickup truck (stationary) ahead of the ego vehicle a traffic sign or a road barrier?,no,unclear,False,"The White pickup truck is ahead of the ego vehicle, which is a traffic sign."
nuscenes_spatial,ns_spatial,Mode A,moondream,nuscenes_moondream_ns.csv,refusal_or_unanswerable,NS_PRED_02,Would the Unable to determine (moving) ahead of the ego vehicle be in the moving direction of the ego vehicle?,no,yes,False,"Yes, the Unable to determine (moving) ahead of the ego vehicle would be in the moving direction of the ego vehicle."
nuscenes_spatial,ns_spatial,Mode A,moondream,nuscenes_moondream_ns.csv,refusal_or_unanswerable,NS_PRED_10,Will the Person wearing a white shirt (moving) ahead of the ego vehicle change its motion state based on the Unable to determine (moving) ahead of the ego vehicle?,no,yes,False,"Yes, the person wearing a white shirt will change its motion state based on the unable to determine (moving) ahead of the ego vehicle. If the unable to determine (moving) ahead vehicle is moving too fast or too close to the person, the person wearing the white shirt will likely try to slow down or change their direction to avoid a collision. This is a safety precaution to ensure that both the person and the ego vehicle can travel safely on the road."
nuscenes_spatial,ns_spatial,Mode A,moondream,nuscenes_moondream_ns.csv,refusal_or_unanswerable,NS_PLAN_01,Is the Unable to determine (moving) ahead of the ego vehicle an object that the ego vehicle should consider in the current scene?,no,yes,False,"Yes, the Unable to determine (moving) ahead of the ego vehicle is an object that the ego vehicle should consider in the current scene. The object is a stop sign, which is located on the side of the road. The ego vehicle should come to a complete stop before the stop sign, ensuring that it follows traffic rules and allows other vehicles, pedestrians, and cyclists to safely navigate the intersection."
nuscenes_spatial,ns_spatial,Mode A,moondream,nuscenes_moondream_ns_fixed.csv,yes_no_with_explanation,NS_CF_01,Is there a pedestrian visible in the front view of the ego vehicle?,no,no,True,"No, there is no pedestrian visible in the front view of the ego vehicle."
nuscenes_spatial,ns_spatial,Mode A,moondream,nuscenes_moondream_ns_fixed.csv,yes_no_with_explanation,NS_CF_02,Is there a pedestrian on the left side of the road ahead?,no,yes,False,"Yes, there is a pedestrian on the left side of the road ahead."
nuscenes_spatial,ns_spatial,Mode A,moondream,nuscenes_moondream_ns_fixed.csv,yes_no_with_explanation,NS_CF_03,Is there a pedestrian on the right side of the road ahead?,no,no,True,"No, there is no pedestrian on the right side of the road ahead. The image shows a car and a bus driving down the road, with no pedestrians visible."
nuscenes_spatial,ns_spatial,Mode A,moondream,nuscenes_moondream_ns_fixed.csv,yes_no_with_explanation,NS_CF_04,Should the driver yield to a pedestrian currently in or near the path of the ego vehicle?,no,yes,False,"Yes, the driver should yield to the pedestrian currently in or near the path of the ego vehicle. In the image, there are multiple vehicles, including a bus and a car, driving down the street. The driver should be cautious and attentive to the presence of pedestrians, ensuring their safety by yielding to them when necessary. This is particularly important in areas with limited visibility or at night, as the driver may not be able to see the pedestrian clearly. Yielding to pedestrians helps mainta"
nuscenes_spatial,ns_spatial,Mode A,moondream,nuscenes_moondream_ns_fixed.csv,yes_no_with_explanation,NS_CF_05,Is there a pedestrian crossing the road from the left side in front of the ego vehicle?,no,yes,False,"Yes, there is a pedestrian crossing the road from the left side in front of the ego vehicle."
nuscenes_spatial,ns_spatial,Mode A,moondream,nuscenes_moondream_ns_fixed.csv,verbose_or_other,NS_PRED_01,Is the White commercial vehicle (moving) ahead of the ego vehicle a traffic sign or a road barrier?,no,unclear,False,The White commercial vehicle (van) is moving ahead of the ego vehicle (car) on the road.
nuscenes_spatial,ns_spatial,Mode A,moondream,nuscenes_moondream_ns_fixed.csv,verbose_or_other,NS_PRED_03,Is the Silver gray business car (moving) ahead of the ego vehicle a traffic sign or a road barrier?,no,unclear,False,"The silver gray business car (moving) is ahead of the ego vehicle, which is a traffic sign."
nuscenes_spatial,ns_spatial,Mode A,moondream,nuscenes_moondream_ns_fixed.csv,verbose_or_other,NS_PRED_05,Is the Black small car (moving) behind of the ego vehicle a traffic sign or a road barrier?,no,unclear,False,"The Black small car is moving behind the ego vehicle, which is a van."
nuscenes_spatial,ns_spatial,Mode A,moondream,nuscenes_moondream_ns_fixed.csv,verbose_or_other,NS_PRED_01,Is the Black SUV (stationary) ahead of the ego vehicle a traffic sign or a road barrier?,no,unclear,False,"The Black SUV is ahead of the ego vehicle, which is a traffic sign."
nuscenes_spatial,ns_spatial,Mode A,moondream,nuscenes_moondream_ns_fixed.csv,verbose_or_other,NS_PRED_03,Is the White pickup truck (stationary) ahead of the ego vehicle a traffic sign or a road barrier?,no,unclear,False,"The White pickup truck is ahead of the ego vehicle, which is a traffic sign."
nuscenes_spatial,ns_spatial,Mode A,moondream,nuscenes_moondream_ns_fixed.csv,refusal_or_unanswerable,NS_PRED_02,Would the Unable to determine (moving) ahead of the ego vehicle be in the moving direction of the ego vehicle?,no,yes,False,"Yes, the Unable to determine (moving) ahead of the ego vehicle would be in the moving direction of the ego vehicle."
nuscenes_spatial,ns_spatial,Mode A,moondream,nuscenes_moondream_ns_fixed.csv,refusal_or_unanswerable,NS_PRED_10,Will the Person wearing a white shirt (moving) ahead of the ego vehicle change its motion state based on the Unable to determine (moving) ahead of the ego vehicle?,no,yes,False,"Yes, the person wearing a white shirt will change its motion state based on the unable to determine (moving) ahead of the ego vehicle. If the unable to determine (moving) ahead vehicle is moving too fast or too close to the person, the person wearing the white shirt will likely try to slow down or change their direction to avoid a collision. This is a safety precaution to ensure that both the person and the ego vehicle can travel safely on the road."
nuscenes_spatial,ns_spatial,Mode A,moondream,nuscenes_moondream_ns_fixed.csv,refusal_or_unanswerable,NS_PLAN_01,Is the Unable to determine (moving) ahead of the ego vehicle an object that the ego vehicle should consider in the current scene?,no,yes,False,"Yes, the Unable to determine (moving) ahead of the ego vehicle is an object that the ego vehicle should consider in the current scene. The object is a stop sign, which is located on the side of the road. The ego vehicle should come to a complete stop before the stop sign, ensuring that it follows traffic rules and allows other vehicles, pedestrians, and cyclists to safely navigate the intersection."
nuscenes_spatial,ns_spatial,Mode A,paligemma,nuscenes_paligemma_ns.csv,verbose_or_other,NS_PRED_09,Is the Red light ahead of the ego vehicle a traffic sign or a road barrier?,yes,unclear,False,traffic sign
nuscenes_spatial,ns_spatial,Mode A,paligemma,nuscenes_paligemma_ns.csv,verbose_or_other,NS_PRED_05,Is the White truck (stationary) ahead of the ego vehicle a traffic sign or a road barrier?,no,unclear,False,road barrier
nuscenes_spatial,ns_spatial,Mode A,paligemma,nuscenes_paligemma_ns.csv,verbose_or_other,NS_PRED_07,Is the White truck (stationary) ahead of the ego vehicle a traffic sign or a road barrier?,no,unclear,False,road barrier
nuscenes_spatial,ns_spatial,Mode A,paligemma,nuscenes_paligemma_ns.csv,verbose_or_other,NS_PRED_01,Is the Gray obstacle ahead of the ego vehicle a traffic sign or a road barrier?,yes,unclear,False,road barrier
nuscenes_spatial,ns_spatial,Mode A,paligemma,nuscenes_paligemma_ns.csv,verbose_or_other,NS_PRED_03,Is the Gray obstacle ahead of the ego vehicle a traffic sign or a road barrier?,yes,unclear,False,road barrier
nuscenes_spatial,ns_spatial,Mode A,paligemma,nuscenes_paligemma_ns_fixed.csv,verbose_or_other,NS_PRED_09,Is the Red light ahead of the ego vehicle a traffic sign or a road barrier?,yes,unclear,False,traffic sign
nuscenes_spatial,ns_spatial,Mode A,paligemma,nuscenes_paligemma_ns_fixed.csv,verbose_or_other,NS_PRED_05,Is the White truck (stationary) ahead of the ego vehicle a traffic sign or a road barrier?,no,unclear,False,road barrier
nuscenes_spatial,ns_spatial,Mode A,paligemma,nuscenes_paligemma_ns_fixed.csv,verbose_or_other,NS_PRED_07,Is the White truck (stationary) ahead of the ego vehicle a traffic sign or a road barrier?,no,unclear,False,road barrier
nuscenes_spatial,ns_spatial,Mode A,paligemma,nuscenes_paligemma_ns_fixed.csv,verbose_or_other,NS_PRED_01,Is the Gray obstacle ahead of the ego vehicle a traffic sign or a road barrier?,yes,unclear,False,road barrier
nuscenes_spatial,ns_spatial,Mode A,paligemma,nuscenes_paligemma_ns_fixed.csv,verbose_or_other,NS_PRED_03,Is the Gray obstacle ahead of the ego vehicle a traffic sign or a road barrier?,yes,unclear,False,road barrier
nuscenes_spatial,ns_spatial,Mode A,smolvlm,nuscenes_smolvlm_ns.csv,verbose_or_other,NS_PRED_01,Is the White commercial vehicle (moving) ahead of the ego vehicle a traffic sign or a road barrier?,no,unclear,False,Road barrier
nuscenes_spatial,ns_spatial,Mode A,smolvlm,nuscenes_smolvlm_ns.csv,verbose_or_other,NS_PRED_03,Is the Silver gray business car (moving) ahead of the ego vehicle a traffic sign or a road barrier?,no,unclear,False,Road barrier
nuscenes_spatial,ns_spatial,Mode A,smolvlm,nuscenes_smolvlm_ns.csv,verbose_or_other,NS_PRED_01,Is the Silver sedan (moving) behind of the ego vehicle a traffic sign or a road barrier?,no,unclear,False,Road barrier
nuscenes_spatial,ns_spatial,Mode A,smolvlm,nuscenes_smolvlm_ns.csv,verbose_or_other,NS_PRED_03,Is the Silver car (stationary) ahead of the ego vehicle a traffic sign or a road barrier?,no,unclear,False,Road barrier
nuscenes_spatial,ns_spatial,Mode A,smolvlm,nuscenes_smolvlm_ns.csv,verbose_or_other,NS_PRED_05,Is the Red light ahead of the ego vehicle a traffic sign or a road barrier?,yes,unclear,False,Road barrier
nuscenes_spatial,ns_spatial,Mode A,smolvlm,nuscenes_smolvlm_ns_fixed.csv,verbose_or_other,NS_PRED_01,Is the White commercial vehicle (moving) ahead of the ego vehicle a traffic sign or a road barrier?,no,unclear,False,Road barrier
nuscenes_spatial,ns_spatial,Mode A,smolvlm,nuscenes_smolvlm_ns_fixed.csv,verbose_or_other,NS_PRED_03,Is the Silver gray business car (moving) ahead of the ego vehicle a traffic sign or a road barrier?,no,unclear,False,Road barrier
nuscenes_spatial,ns_spatial,Mode A,smolvlm,nuscenes_smolvlm_ns_fixed.csv,verbose_or_other,NS_PRED_01,Is the Silver sedan (moving) behind of the ego vehicle a traffic sign or a road barrier?,no,unclear,False,Road barrier
nuscenes_spatial,ns_spatial,Mode A,smolvlm,nuscenes_smolvlm_ns_fixed.csv,verbose_or_other,NS_PRED_03,Is the Silver car (stationary) ahead of the ego vehicle a traffic sign or a road barrier?,no,unclear,False,Road barrier
nuscenes_spatial,ns_spatial,Mode A,smolvlm,nuscenes_smolvlm_ns_fixed.csv,verbose_or_other,NS_PRED_05,Is the Red light ahead of the ego vehicle a traffic sign or a road barrier?,yes,unclear,False,Road barrier
